filename,domain_tag,sha256,url
00001_bigcommerce_ff7bc03de102.jpg,bigcommerce,ff7bc03de1028808d4d92242a11dd63a5374b71bcfc1fbaeab2d8d5c9ff139cc,https://cdn11.bigcommerce.com/s-4kt71d4v98/images/stencil/1280w/products/368/2423/darlingtonia-1__75020.1688345010.jpg?c=1
00002_snl_a27641c74fb8.jpg,snl,a27641c74fb824f96bf5e3a0a62a8df9b869e61257cccf0d75d33aa3e83b8106,https://media.snl.no/media/176130/standard_compressed_1280px-Darlingtonia_californica_ne5_NoahElhardt.jfif
00003_alchetron_9db35b4a2de0.jpg,alchetron,9db35b4a2de01ba144454f49170f0b7da37201aaca70a9122ca1d396a644759c,https://alchetron.com/cdn/darlingtonia-californica-0341950a-588c-4e5a-89a5-870e5d79d74-resize-750.jpeg
00004_carnagefarms_d5463648c20d.jpg,carnagefarms,d5463648c20d9734a6085ced5b44f125e65da2a195b27663378106dff46315b9,https://carnagefarms.com/cdn/shop/files/rn-image_picker_lib_temp_9ae4e57b-8fdc-4278-9b01-59b1d69b1023.jpg?v=1709859654&width=1445
00005_amazonaws_7bc5a743e01d.jpg,amazonaws,7bc5a743e01de38f98cd2b326120c2e4d0c6051b0beb73161898dc7c76f1586e,https://s3.amazonaws.com/eit-planttoolbox-prod/media/images/Darlingtonia_califor_Gpawae734FDW.jfif
00006_freewebstore_2820c5da490c.jpg,freewebstore,2820c5da490c8fbcd3f0e7d69ca0f856b897427b1a67fc37a7aee62c42afb80e,https://cdn.freewebstore.com/origin/253478/darlingtoniacalifornicalarge2.jpg
00007_amazonaws_71bd35e8592c.jpg,amazonaws,71bd35e8592c805b71a25279f57e7b34000fb5874444ebbeb09d9e0770f7a2db,https://s3.amazonaws.com/eit-planttoolbox-prod/media/images/Darlingtonia_califor_ms8t48Mt1apT.jfif
00008_naturephotog_0a9b723b3178.jpg,naturephotog,0a9b723b3178066f981cc400d7c4d49007132246987c77ca0e4e03f1409b336a,https://images.naturephotographers.network/original/3X/b/e/be4a5210d04b01e5e83cf5c676e2cd17a306e2ff.jpeg
00009_macetaman_44e5b2f95af3.jpg,macetaman,44e5b2f95af3373ef3f3736b36f8b708d4d4eccd1a7abd5c8f7fda4ce9ac156f,https://macetaman.com/wp-content/uploads/2023/01/darlingtonia.jpg
00010_amazonaws_0d6b01b3c8a3.jpg,amazonaws,0d6b01b3c8a38ea7712be341e246be00d2776b9d0a0bb2ef6715a70390e518fe,https://s3.amazonaws.com/eit-planttoolbox-prod/media/images/Darlingtonia_califor_7U9A3UZ2NzAG.jfif
00011_picturethisa_b928555122a1.jpg,picturethisa,b928555122a18b445aa16273de495d35694154b505449f1707464a6fc62e8a17,https://www.picturethisai.com/wiki-image/1080/9DC2198A1C784A8C96C8CA564CC02708.jpeg
00012_jardineriaon_daafa4be87d0.jpg,jardineriaon,daafa4be87d0251271ad21e89efba8228590e663686c475d3ec5b6e9fa3bb4c5,https://www.jardineriaon.com/wp-content/uploads/2023/11/Como-cuidar-una-darlingtonia-californica.jpg
00013_amazonaws_0def0bb045d3.jpg,amazonaws,0def0bb045d338a5f2889d155f07c3371e6383ff4b8c2855e6b9abb78d37a3cc,https://s3.amazonaws.com/eit-planttoolbox-prod/media/images/Darlingtonia_califor_3mufBRDXm3ie.jfif
00014_calflora_21dd21b5d97d.jpg,calflora,21dd21b5d97d5f119a7676d918fa01993145d05ce0863d1c17f4abfafeb25321,https://www.calflora.org/app/up/entry/271/81569.jpg
00015_redd_b62a150a6cb1.jpg,redd,b62a150a6cb1da1270b7bb851b8ad4ed72d7b32d1d5f9e89e57ea0f08fea5fbb,https://preview.redd.it/darlingtonia-californica-v0-fppt2hjg61ia1.jpg?auto=webp&s=f10f992e952022792b1cf84af2316a5bc67115c0
00016_amazonaws_916d44657062.jpg,amazonaws,916d446570623365c2c6b7bbd0e02baba2dd9500cd056595704c2587699286e8,https://s3.amazonaws.com/eit-planttoolbox-prod/media/images/Darlingtonia_califor_0eCIWM4B2Go6.jfif
00017_littlecarniv_aa4c49e247d7.jpg,littlecarniv,aa4c49e247d7890d665f41098da0e202dc16e25faade431332cd5d12651e9d34,https://www.littlecarnivores.com/cdn/shop/files/625253BB-8D63-4177-8E12-256044BB6649.jpg?v=1691619723
00018_amazonaws_52f45c3178b1.jpg,amazonaws,52f45c3178b1169d2cd32f52838f36531d3321f9a275cb1d9ae22add6b6d9c49,https://s3.amazonaws.com/eit-planttoolbox-prod/media/images/Darlingtonia_califor_4LSnWH6tyWVn.jfif
00019_ekmcdn_29d703c5ab3b.jpg,ekmcdn,29d703c5ab3b03dca0224655689921197850aaef13b7caec6833915398baa6d1,https://files.ekmcdn.com/hampshirecarni/images/cl001-darlingtonia-californica-cobra-lilly-size-m-(14)-5232-p.jpeg?v=B87FEDE2-6D42-45A3-BF70-4D297E659BC5
00020_carnivorousp_72403bb2f31b.jpg,carnivorousp,72403bb2f31b81dad2f0c5ef5440dab414d94043248cbcc2f693b76f3a9ab428,https://www.carnivorousplants.org/sites/default/files/images/GrowingGuides/DarlingtoniaOthello.jpg
00021_beautifulore_91b39f7253d9.jpg,beautifulore,91b39f7253d93351348733055b32a2b1412aeb00bb34f7ea7e0c55236e3a3031,https://beautifuloregon.com/wp-content/uploads/2022/04/Pitcher-Plant-Darlingtonia-californica-Oregon-wildflowers-821-040-043.jpg
00022_redd_3f259fab7b11.jpg,redd,3f259fab7b11219e29ddfa0c5897a1bc740f0379e361180e7d9ef5fc667d8b48,https://i.redd.it/klq43tzot6t51.jpg
00023_cloudfront_0d78b6a3c722.jpg,cloudfront,0d78b6a3c7220e4c5a2800d8a95e83bd37b788df1bf78af03ad34e8b39b90a41,https://d2j6dbq0eux0bg.cloudfront.net/images/10325341/3233500882.jpg
00024_shopify_c8618f82a8a9.jpg,shopify,c8618f82a8a9cde66bb21d0199a2a38ea45f1b5e6ab4536fc9f0c8cb86928b12,https://cdn.shopify.com/s/files/1/0489/2809/6413/products/darlingtoniacalifornica_4_740x.jpg?v=1622744838
00025_carnivorousp_33a566c68beb.jpg,carnivorousp,33a566c68beb1360fb713f569b53ec00e87a2ec6458b98a20bd7ace12c50831d,https://carnivorousplants.org/sites/default/files/images/GrowingGuides/DarlingtoniaFlowers.jpg
00026_giardinocarn_fc7dcbdb51ee.jpg,giardinocarn,fc7dcbdb51eedbc298019afc60847b2a5eb90c0519231b5fa54e505add146d58,https://www.giardinocarnivoro.it/cdn/shop/files/darlingtonia_othello.jpg?v=1738098513
00027_freewebstore_932091533a5c.jpg,freewebstore,932091533a5c9dc2e49bf09aa793006f0b16b469c2926872adcadb3947b28fc8,https://cdn.freewebstore.com/origin/253478/darlingtoniacalifornicalarge4.jpg
00028_diflora_83fed769ab6d.jpg,diflora,83fed769ab6d2d1ec647c4178c07fed00d600ab4bc52819f7bec63968d779eb6,https://diflora.it/wp-content/uploads/Darlingtonia-californica-Meadowhall-x-Goliath-3DSC_0887.jpg
00029_freewebstore_789fae90c903.jpg,freewebstore,789fae90c9037dc3184c77ce671490f4f2cc0f407b3952e2a7d55ea891c633c6,https://cdn.freewebstore.com/origin/253478/darlingtoniacalifornicamediumcobralelie1.jpg
00030_macetaman_41bc21e04d7a.jpg,macetaman,41bc21e04d7afba292b30950ce871c87e5926b95a65acf51a2877941d6125ab7,https://macetaman.com/wp-content/uploads/2023/01/darlingtonia-californica-cuidados-768x576.jpg
00031_cloudfront_2480c48228af.jpg,cloudfront,2480c48228afc5d04ea6f0d76c528c21b9053c2ae3406e9ee19ce0904b1c7236,https://d2j6dbq0eux0bg.cloudfront.net/images/75306259/3075886544.jpg
00032_ekmcdn_8b8481a451cd.jpg,ekmcdn,8b8481a451cd565d3f56d5e533a50dd967e9a54eecb12a7f9b329cd3bd2b998b,https://files.ekmcdn.com/hampshirecarni/images/cl001-darlingtonia-californica-cobra-lilly-size-m-(8)-5232-p.jpg?v=47FDE34D-BC5E-4D92-8D3D-8408217E34AA
00033_shopify_b22b60d5b8b2.jpg,shopify,b22b60d5b8b2b320b194307e419dd1e445498f515f29f298726e113419eed62c,https://cdn.shopify.com/s/files/1/0071/7540/5626/products/780a0354e49b85849d83515596b5b5a1_480x480.jpg?v=1526598084
00034_staudenspatz_40965b8f3628.jpg,staudenspatz,40965b8f3628dc9a13cc794d96a0ab62809f2f58c03680e3318a1a61d884d774,https://www.staudenspatz.de/images/product_images/original_images/Darlingtonia-californica.jpg
00035_californiaca_524a87425ad5.jpg,californiaca,524a87425ad52c721c9e519303e0fc03bf7d1280ee8b43bd22ce886cb769fd0d,https://www.californiacarnivores.com/cdn/shop/products/image_2018c471-61ca-4016-9db6-a11fdceac3e7_1024x1024.jpg?v=1649055915
00036_ekmcdn_628da2f48be4.jpg,ekmcdn,628da2f48be43ae752bb172aebd5af54cffc90cd7eb91d25a8f6dd8928c5ee8e,https://files.ekmcdn.com/hampshirecarni/images/cl001l-darlingtonia-californica-large-272-p.png?v=962ce7ed-d45c-4c95-8fa5-b75ff6e0c70c
00037_calflora_48dd3961dc18.jpg,calflora,48dd3961dc18d266594562f7523da1f6f7e8e5e34b24cf4265dad4073556113a,https://www.calflora.org/app/up/entry/271/81565.jpg
00038_redd_d59ef5878fb9.jpg,redd,d59ef5878fb9d027e4d7e6993399a5631d6f97bcff41c7f083ce45b16f8c8d9c,https://i.redd.it/w9xkq3dh3e451.jpg
00039_halleyhostin_63499f83da8f.jpg,halleyhostin,63499f83da8fdc9392d9bedf6fc25f6a4b58dc15d0fe6c10cd66c0ca9bcbe64f,http://science.halleyhosting.com/nature/plants/5petal/pitcherplant/californica/californica1a.jpg
00040_bigcommerce_ff7bc03de102.jpg,bigcommerce,ff7bc03de1028808d4d92242a11dd63a5374b71bcfc1fbaeab2d8d5c9ff139cc,https://cdn11.bigcommerce.com/s-4kt71d4v98/images/stencil/1280w/products/368/2423/darlingtonia-1__75020.1688345010.jpg?c=1
00041_beautifulore_b4b69701e804.jpg,beautifulore,b4b69701e80422c4b4be288873b9bcdb332f6cd301021af35bc4dbd33c44e0e6,https://beautifuloregon.com/wp-content/uploads/2022/04/Pitcher-Plant-Darlingtonia-californica-Oregon-wildflowers-821-040-043-1200x1805.jpg
00042_amazonaws_916d44657062.jpg,amazonaws,916d446570623365c2c6b7bbd0e02baba2dd9500cd056595704c2587699286e8,https://s3.amazonaws.com/eit-planttoolbox-prod/media/images/Darlingtonia_califor_0eCIWM4B2Go6.jfif
00043_amazonaws_7bc5a743e01d.jpg,amazonaws,7bc5a743e01de38f98cd2b326120c2e4d0c6051b0beb73161898dc7c76f1586e,https://s3.amazonaws.com/eit-planttoolbox-prod/media/images/Darlingtonia_califor_Gpawae734FDW.jfif
00044_amazonaws_16445a4fa47f.jpg,amazonaws,16445a4fa47f9f29e050a54b64f2c1335203f80d6507840dce55c7fc1fa4ca43,https://s3.amazonaws.com/eit-planttoolbox-prod/media/images/Darlingtonia_califor_3noTJ8gEY7nS.jfif
00045_amazonaws_0d6b01b3c8a3.jpg,amazonaws,0d6b01b3c8a38ea7712be341e246be00d2776b9d0a0bb2ef6715a70390e518fe,https://s3.amazonaws.com/eit-planttoolbox-prod/media/images/Darlingtonia_califor_7U9A3UZ2NzAG.jfif
00046_amazonaws_71bd35e8592c.jpg,amazonaws,71bd35e8592c805b71a25279f57e7b34000fb5874444ebbeb09d9e0770f7a2db,https://s3.amazonaws.com/eit-planttoolbox-prod/media/images/Darlingtonia_califor_ms8t48Mt1apT.jfif
00047_amazonaws_0def0bb045d3.jpg,amazonaws,0def0bb045d338a5f2889d155f07c3371e6383ff4b8c2855e6b9abb78d37a3cc,https://s3.amazonaws.com/eit-planttoolbox-prod/media/images/Darlingtonia_califor_3mufBRDXm3ie.jfif
00048_halleyhostin_63499f83da8f.jpg,halleyhostin,63499f83da8fdc9392d9bedf6fc25f6a4b58dc15d0fe6c10cd66c0ca9bcbe64f,http://science.halleyhosting.com/nature/plants/5petal/pitcherplant/californica/californica1a.jpg
00049_pnwflowers_7b49e04109f6.jpg,pnwflowers,7b49e04109f6ae33f5f318a06dc6dd147973329451423c3771bbb3403821fced,https://www.pnwflowers.com/assets/images/plants/0402855.jpg
00050_pnwflowers_f2a8b02be92a.jpg,pnwflowers,f2a8b02be92a42ab1be282fda40c28832a84694d8a84758703ae8705335eebb3,https://www.pnwflowers.com/assets/images/months/september/110925Siskiyou/1108658.jpg
00051_amazonaws_52f45c3178b1.jpg,amazonaws,52f45c3178b1169d2cd32f52838f36531d3321f9a275cb1d9ae22add6b6d9c49,https://s3.amazonaws.com/eit-planttoolbox-prod/media/images/Darlingtonia_califor_4LSnWH6tyWVn.jfif
00052_halleyhostin_0bce5bf96860.jpg,halleyhostin,0bce5bf96860bcf8784e938a0b375e095eecae7e637a124ed270a483444c8947,http://science.halleyhosting.com/nature/plants/5petal/pitcherplant/californica/californica6b.jpg
00053_halleyhostin_23e1a25f0282.jpg,halleyhostin,23e1a25f0282bec40ae5aa07f71d0ea455426e0bdf3d0a3526f3a22d268bb5c1,http://science.halleyhosting.com/nature/plants/5petal/pitcherplant/californica/californica3a.jpg
00054_cloudfront_77f6ae80cfb0.jpg,cloudfront,77f6ae80cfb0caa0a26275fdf9bc2e9963849600d913181488ad6de3166a8fe1,https://d2j6dbq0eux0bg.cloudfront.net/images/10325341/3409159387.jpg
00055_halleyhostin_a0a87e6370a3.jpg,halleyhostin,a0a87e6370a30bfecb48b3ff0db25134f8045ee1c1a2c70432114009021b3ad5,http://science.halleyhosting.com/nature/plants/5petal/pitcherplant/californica/californica6e.jpg
00056_florafinder_1de30751f193.jpg,florafinder,1de30751f19370982c60dd102af8c4063cdc4de956104e329ef5402e94255651,https://florafinder.org/LargePhotos/DC/Darlingtonia_californica-8947F177FC.jpg
00057_bigcommerce_ff7bc03de102.jpg,bigcommerce,ff7bc03de1028808d4d92242a11dd63a5374b71bcfc1fbaeab2d8d5c9ff139cc,https://cdn11.bigcommerce.com/s-4kt71d4v98/images/stencil/1280w/products/368/2423/darlingtonia-1__75020.1688345010.jpg?c=1
00058_giardinocarn_fc7dcbdb51ee.jpg,giardinocarn,fc7dcbdb51eedbc298019afc60847b2a5eb90c0519231b5fa54e505add146d58,https://www.giardinocarnivoro.it/cdn/shop/files/darlingtonia_othello.jpg?v=1738098513
00059_snl_a27641c74fb8.jpg,snl,a27641c74fb824f96bf5e3a0a62a8df9b869e61257cccf0d75d33aa3e83b8106,https://media.snl.no/media/176130/standard_compressed_1280px-Darlingtonia_californica_ne5_NoahElhardt.jfif
00060_macetaman_44e5b2f95af3.jpg,macetaman,44e5b2f95af3373ef3f3736b36f8b708d4d4eccd1a7abd5c8f7fda4ce9ac156f,https://macetaman.com/wp-content/uploads/2023/01/darlingtonia.jpg
00061_carnivorousp_d1774304b919.jpg,carnivorousp,d1774304b91938cd50a425a41a062e1e09fda23320733130cc59f2997ec362b6,https://www.carnivorousplants.org/sites/default/files/images/GrowingGuides/Darlingtonia5yrOthello.jpg
00062_bigcommerce_ea5a6e29fd18.jpg,bigcommerce,ea5a6e29fd1863579172da2fe3e3e05b0a9fad2b8b31e9046a607869b66a338d,https://cdn11.bigcommerce.com/s-4kt71d4v98/images/stencil/600x600/products/368/2326/Darlingtonia15__76015.1688345009.jpg?c=1
00063_cloudfront_5355b86444f4.jpg,cloudfront,5355b86444f4f1fc8f5004b3dfba5eb176587a0d35e71690f0947974fee4fd29,https://d3bbsv6h7qkr8y.cloudfront.net/3917_20161107T205947_0.jpg
00064_macetaman_41bc21e04d7a.jpg,macetaman,41bc21e04d7afba292b30950ce871c87e5926b95a65acf51a2877941d6125ab7,https://macetaman.com/wp-content/uploads/2023/01/darlingtonia-californica-cuidados-768x576.jpg
00065_amazonaws_0def0bb045d3.jpg,amazonaws,0def0bb045d338a5f2889d155f07c3371e6383ff4b8c2855e6b9abb78d37a3cc,https://s3.amazonaws.com/eit-planttoolbox-prod/media/images/Darlingtonia_califor_3mufBRDXm3ie.jfif
00066_henrietteshe_c025e9e3cb5b.jpg,henrietteshe,c025e9e3cb5bc44c5a6cc389b0fbfaa748e4a8ac194ba76c2e4c8cbaf67aabec,https://www.henriettes-herb.com/files/images/photos/d/da/darlingtonia-californica.jpg
00067_amazonaws_16445a4fa47f.jpg,amazonaws,16445a4fa47f9f29e050a54b64f2c1335203f80d6507840dce55c7fc1fa4ca43,https://s3.amazonaws.com/eit-planttoolbox-prod/media/images/Darlingtonia_califor_3noTJ8gEY7nS.jfif
00068_amazonaws_71bd35e8592c.jpg,amazonaws,71bd35e8592c805b71a25279f57e7b34000fb5874444ebbeb09d9e0770f7a2db,https://s3.amazonaws.com/eit-planttoolbox-prod/media/images/Darlingtonia_califor_ms8t48Mt1apT.jfif
00069_carnagefarms_d5463648c20d.jpg,carnagefarms,d5463648c20d9734a6085ced5b44f125e65da2a195b27663378106dff46315b9,https://carnagefarms.com/cdn/shop/files/rn-image_picker_lib_temp_9ae4e57b-8fdc-4278-9b01-59b1d69b1023.jpg?v=1709859654&width=1445
00070_carnivorousp_33a566c68beb.jpg,carnivorousp,33a566c68beb1360fb713f569b53ec00e87a2ec6458b98a20bd7ace12c50831d,https://carnivorousplants.org/sites/default/files/images/GrowingGuides/DarlingtoniaFlowers.jpg
00071_cdnsiedu_11c958b7d76a.jpg,cdnsiedu,11c958b7d76a671d72c158c9bcfd07d9d5418d0482dd64f19a5e9d0f0237d1c4,https://th-thumbnailer.cdn-si-edu.com/TGfnlnzPOfK0BuSlLpn0IZlp3Ew=/fit-in/1072x0/https://tf-cmsv2-photocontest-smithsonianmag-prod-approved.s3.amazonaws.com/ec008811afec5da726542b5088681e33f13f43dd.jpg
00072_amazonaws_7bc5a743e01d.jpg,amazonaws,7bc5a743e01de38f98cd2b326120c2e4d0c6051b0beb73161898dc7c76f1586e,https://s3.amazonaws.com/eit-planttoolbox-prod/media/images/Darlingtonia_califor_Gpawae734FDW.jfif
00073_naturephotog_0a9b723b3178.jpg,naturephotog,0a9b723b3178066f981cc400d7c4d49007132246987c77ca0e4e03f1409b336a,https://images.naturephotographers.network/original/3X/b/e/be4a5210d04b01e5e83cf5c676e2cd17a306e2ff.jpeg
00074_bigcommerce_ff7bc03de102.jpg,bigcommerce,ff7bc03de1028808d4d92242a11dd63a5374b71bcfc1fbaeab2d8d5c9ff139cc,https://cdn11.bigcommerce.com/s-4kt71d4v98/images/stencil/1280w/products/368/2423/darlingtonia-1__75020.1688345010.jpg?c=1
00075_sbol_58200ce6c290.jpg,sbol,58200ce6c290c713bd228b9455f06fd19c5594e50fe0de3ad77a8039dbbc4cf8,https://media.s-bol.com/9pz96GB6rwRZ/vgLrVL5/550x814.jpg
00076_co_e69724f89677.jpg,co,e69724f89677b35745aa4caec3387df10a6d05f80e1df0f88ae3c8935e5bc9fd,https://www.hccarnivorousplants.co.uk/cdn/shop/products/E050CDCB-6411-4340-BAB1-029F00EF6400.jpg?v=1595426008
00077_shopify_b94b05bba77a.jpg,shopify,b94b05bba77affe868547936fb456b34f167bcbfa722bf8965f5562eca3722b3,https://cdn.shopify.com/s/files/1/0528/9112/3868/products/IMG_0498_2.jpg?v=1619299367
00078_carnagefarms_d5463648c20d.jpg,carnagefarms,d5463648c20d9734a6085ced5b44f125e65da2a195b27663378106dff46315b9,https://carnagefarms.com/cdn/shop/files/rn-image_picker_lib_temp_9ae4e57b-8fdc-4278-9b01-59b1d69b1023.jpg?v=1709859654&width=1445
00079_naturephotog_0a9b723b3178.jpg,naturephotog,0a9b723b3178066f981cc400d7c4d49007132246987c77ca0e4e03f1409b336a,https://images.naturephotographers.network/original/3X/b/e/be4a5210d04b01e5e83cf5c676e2cd17a306e2ff.jpeg
00080_redd_662b5d306fde.jpg,redd,662b5d306fdef6cbdf09267958dffb78073c2872d1bdac7f5d8f65da7c9f7dd0,https://i.redd.it/5lmb7c4wm2g71.jpg
00081_amazonaws_7bc5a743e01d.jpg,amazonaws,7bc5a743e01de38f98cd2b326120c2e4d0c6051b0beb73161898dc7c76f1586e,https://s3.amazonaws.com/eit-planttoolbox-prod/media/images/Darlingtonia_califor_Gpawae734FDW.jfif
00082_amazonaws_0def0bb045d3.jpg,amazonaws,0def0bb045d338a5f2889d155f07c3371e6383ff4b8c2855e6b9abb78d37a3cc,https://s3.amazonaws.com/eit-planttoolbox-prod/media/images/Darlingtonia_califor_3mufBRDXm3ie.jfif
00083_cloudfront_77f6ae80cfb0.jpg,cloudfront,77f6ae80cfb0caa0a26275fdf9bc2e9963849600d913181488ad6de3166a8fe1,https://d2j6dbq0eux0bg.cloudfront.net/images/10325341/3409159387.jpg
00084_giardinocarn_fc7dcbdb51ee.jpg,giardinocarn,fc7dcbdb51eedbc298019afc60847b2a5eb90c0519231b5fa54e505add146d58,https://www.giardinocarnivoro.it/cdn/shop/files/darlingtonia_othello.jpg?v=1738098513
00085_calflora_21dd21b5d97d.jpg,calflora,21dd21b5d97d5f119a7676d918fa01993145d05ce0863d1c17f4abfafeb25321,https://www.calflora.org/app/up/entry/271/81569.jpg
00086_carnivorousp_72403bb2f31b.jpg,carnivorousp,72403bb2f31b81dad2f0c5ef5440dab414d94043248cbcc2f693b76f3a9ab428,https://www.carnivorousplants.org/sites/default/files/images/GrowingGuides/DarlingtoniaOthello.jpg
00087_snl_a27641c74fb8.jpg,snl,a27641c74fb824f96bf5e3a0a62a8df9b869e61257cccf0d75d33aa3e83b8106,https://media.snl.no/media/176130/standard_compressed_1280px-Darlingtonia_californica_ne5_NoahElhardt.jfif
00088_calflora_07c548b88d67.jpg,calflora,07c548b88d67a080d8ac2ad3f706bfec2326355addcdce33776632e057b077b7,https://www.calflora.org/app/up/mg/228/mg68493-0.jpg
00089_calflora_4b49081e87f1.jpg,calflora,4b49081e87f1f37028c677b083d997fbe26da1e3fad844486ebce7a93cffd1ae,https://www.calflora.org/app/up/io/194/io58356-1.jpg
00090_calflora_38521651f462.jpg,calflora,38521651f462ae4997f6f958464d290ea1948d1554cfc7d9d5796cd955db22e2,https://www.calflora.org/app/up/mg/14/4229.jpg
00091_calflora_35aa7e7b27dd.jpg,calflora,35aa7e7b27ddb01d0cfa73d38dda2f6988e36bc020b1b07c85ccdc2ee86d1b1b,https://www.calflora.org/app/up/entry/271/81574.jpg
00092_calflora_48dd3961dc18.jpg,calflora,48dd3961dc18d266594562f7523da1f6f7e8e5e34b24cf4265dad4073556113a,https://www.calflora.org/app/up/entry/271/81565.jpg
00093_carnagefarms_d5463648c20d.jpg,carnagefarms,d5463648c20d9734a6085ced5b44f125e65da2a195b27663378106dff46315b9,https://carnagefarms.com/cdn/shop/files/rn-image_picker_lib_temp_9ae4e57b-8fdc-4278-9b01-59b1d69b1023.jpg?v=1709859654&width=1445
00094_amazonaws_71bd35e8592c.jpg,amazonaws,71bd35e8592c805b71a25279f57e7b34000fb5874444ebbeb09d9e0770f7a2db,https://s3.amazonaws.com/eit-planttoolbox-prod/media/images/Darlingtonia_califor_ms8t48Mt1apT.jfif
00095_jardineriaon_0b8c571dee4b.jpg,jardineriaon,0b8c571dee4ba78b24f249e6914b6b4c7bbcac5caa7d9572f6101f1c32a9afd4,https://www.jardineriaon.com/wp-content/uploads/2023/11/Riego-de-la-darlingtonia-californica-1200x800.jpg
00096_bigcommerce_ff7bc03de102.jpg,bigcommerce,ff7bc03de1028808d4d92242a11dd63a5374b71bcfc1fbaeab2d8d5c9ff139cc,https://cdn11.bigcommerce.com/s-4kt71d4v98/images/stencil/1280w/products/368/2423/darlingtonia-1__75020.1688345010.jpg?c=1
00097_amazonaws_7bc5a743e01d.jpg,amazonaws,7bc5a743e01de38f98cd2b326120c2e4d0c6051b0beb73161898dc7c76f1586e,https://s3.amazonaws.com/eit-planttoolbox-prod/media/images/Darlingtonia_califor_Gpawae734FDW.jfif
00098_amazonaws_16445a4fa47f.jpg,amazonaws,16445a4fa47f9f29e050a54b64f2c1335203f80d6507840dce55c7fc1fa4ca43,https://s3.amazonaws.com/eit-planttoolbox-prod/media/images/Darlingtonia_califor_3noTJ8gEY7nS.jfif
00099_bigcommerce_ea5a6e29fd18.jpg,bigcommerce,ea5a6e29fd1863579172da2fe3e3e05b0a9fad2b8b31e9046a607869b66a338d,https://cdn11.bigcommerce.com/s-4kt71d4v98/images/stencil/600x600/products/368/2326/Darlingtonia15__76015.1688345009.jpg?c=1
00100_snl_a27641c74fb8.jpg,snl,a27641c74fb824f96bf5e3a0a62a8df9b869e61257cccf0d75d33aa3e83b8106,https://media.snl.no/media/176130/standard_compressed_1280px-Darlingtonia_californica_ne5_NoahElhardt.jfif
00101_macetaman_41bc21e04d7a.jpg,macetaman,41bc21e04d7afba292b30950ce871c87e5926b95a65acf51a2877941d6125ab7,https://macetaman.com/wp-content/uploads/2023/01/darlingtonia-californica-cuidados-768x576.jpg
00102_giardinocarn_fc7dcbdb51ee.jpg,giardinocarn,fc7dcbdb51eedbc298019afc60847b2a5eb90c0519231b5fa54e505add146d58,https://www.giardinocarnivoro.it/cdn/shop/files/darlingtonia_othello.jpg?v=1738098513
00103_macetaman_44e5b2f95af3.jpg,macetaman,44e5b2f95af3373ef3f3736b36f8b708d4d4eccd1a7abd5c8f7fda4ce9ac156f,https://macetaman.com/wp-content/uploads/2023/01/darlingtonia.jpg
00104_cactusjungle_61a3e56533e9.jpg,cactusjungle,61a3e56533e97d87f1837da9d6672ef2d030d4f3b5f91bc4ee648fa11f4a7475,https://cactusjungle.com/wp-content/uploads/2018/06/darlingtonia_californica3.jpg
00105_carnivorousp_72403bb2f31b.jpg,carnivorousp,72403bb2f31b81dad2f0c5ef5440dab414d94043248cbcc2f693b76f3a9ab428,https://www.carnivorousplants.org/sites/default/files/images/GrowingGuides/DarlingtoniaOthello.jpg
00106_giardinocarn_487346ca5342.jpg,giardinocarn,487346ca53423118cc35e33bdbb2fdd399ab89710e03b99e1d39f73ce59e3af4,https://www.giardinocarnivoro.it/cdn/shop/products/Darlingtonia_californica_Giant_clone__seedgrow.jpg?v=1698413268
00107_naturephotog_0a9b723b3178.jpg,naturephotog,0a9b723b3178066f981cc400d7c4d49007132246987c77ca0e4e03f1409b336a,https://images.naturephotographers.network/original/3X/b/e/be4a5210d04b01e5e83cf5c676e2cd17a306e2ff.jpeg
00108_com_2442d71c825d.jpg,com,2442d71c825dc76bb584d8e7ee14eb5e02e73a9fe6cbb9cf34743cb6b5296daa,https://meuverdejardim.com.br/wp-content/uploads/2023/04/Ideias-Darlingtonia-californica.webp
00109_amazonaws_0def0bb045d3.jpg,amazonaws,0def0bb045d338a5f2889d155f07c3371e6383ff4b8c2855e6b9abb78d37a3cc,https://s3.amazonaws.com/eit-planttoolbox-prod/media/images/Darlingtonia_califor_3mufBRDXm3ie.jfif
00110_houseplantce_dfd3eddee3ed.jpg,houseplantce,dfd3eddee3edcfcf45d9cc317a0b43484acda77ca35141eba3b18f466f6dc425,https://houseplantcentral.com/wp-content/uploads/2022/08/Darlingtonia-Californica.jpg
00111_ekmcdn_bfcb842a1c1d.jpg,ekmcdn,bfcb842a1c1dfa096ed6096756defaaaa7cb02072fa4f098b586c0dc32a8b869,https://files.ekmcdn.com/hampshirecarni/images/cl001-darlingtonia-californica-medium-27-p.png?w=500&h=500&v=962ce7ed-d45c-4c95-8fa5-b75ff6e0c70c
00112_calflora_21dd21b5d97d.jpg,calflora,21dd21b5d97d5f119a7676d918fa01993145d05ce0863d1c17f4abfafeb25321,https://www.calflora.org/app/up/entry/271/81569.jpg
00113_com_5e605ce526e1.jpg,com,5e605ce526e1ee1689466ceba22369c88545f801b8979383f3908d04feb89377,https://www.terrarium.com.pl/wp-content/uploads/1_1024-108.jpg
00114_alchetron_9db35b4a2de0.jpg,alchetron,9db35b4a2de01ba144454f49170f0b7da37201aaca70a9122ca1d396a644759c,https://alchetron.com/cdn/darlingtonia-californica-0341950a-588c-4e5a-89a5-870e5d79d74-resize-750.jpeg
00115_staudenspatz_40965b8f3628.jpg,staudenspatz,40965b8f3628dc9a13cc794d96a0ab62809f2f58c03680e3318a1a61d884d774,https://www.staudenspatz.de/images/product_images/original_images/Darlingtonia-californica.jpg
00116_cloudfront_2480c48228af.jpg,cloudfront,2480c48228afc5d04ea6f0d76c528c21b9053c2ae3406e9ee19ce0904b1c7236,https://d2j6dbq0eux0bg.cloudfront.net/images/75306259/3075886544.jpg
00117_amazonaws_52f45c3178b1.jpg,amazonaws,52f45c3178b1169d2cd32f52838f36531d3321f9a275cb1d9ae22add6b6d9c49,https://s3.amazonaws.com/eit-planttoolbox-prod/media/images/Darlingtonia_califor_4LSnWH6tyWVn.jfif
00118_com_155b301d0d0c.jpg,com,155b301d0d0c9dd8e9ba3a59709ac39aaab01b357cff4e247cba19df7509e61c,https://meuverdejardim.com.br/wp-content/uploads/2023/04/Fotos-Darlingtonia-californica.webp
00119_bensjungle_3c3cef20f48f.jpg,bensjungle,3c3cef20f48f50dcd74d3d196d9a4a9a3997ae28e172c768211e88fa731cdc6b,https://bens-jungle.com/media/image/product/12635/lg/darlingtonia-californica.jpg
00120_amazonaws_916d44657062.jpg,amazonaws,916d446570623365c2c6b7bbd0e02baba2dd9500cd056595704c2587699286e8,https://s3.amazonaws.com/eit-planttoolbox-prod/media/images/Darlingtonia_califor_0eCIWM4B2Go6.jfif
00121_ekmcdn_f8047b39b323.jpg,ekmcdn,f8047b39b3235e3681c46709983f113bca1e6681f0ab050dd18447590cb4ee0d,https://files.ekmcdn.com/hampshirecarni/images/cl001l-darlingtonia-californica-large-272-p.png?w=500&h=500&v=962ce7ed-d45c-4c95-8fa5-b75ff6e0c70c
00122_carnivorousp_33a566c68beb.jpg,carnivorousp,33a566c68beb1360fb713f569b53ec00e87a2ec6458b98a20bd7ace12c50831d,https://carnivorousplants.org/sites/default/files/images/GrowingGuides/DarlingtoniaFlowers.jpg
00123_cocaflora_58ec26278001.jpg,cocaflora,58ec26278001c9560315ccef23196091190d7189dd784d20266210a1a02c21b8,https://www.cocaflora.com/userdata/public/gfx/56174/Darlingtonia-californica.jpg
00124_redd_d59ef5878fb9.jpg,redd,d59ef5878fb9d027e4d7e6993399a5631d6f97bcff41c7f083ce45b16f8c8d9c,https://i.redd.it/w9xkq3dh3e451.jpg
00125_co_1ccbd846abb5.jpg,co,1ccbd846abb5a0a15e3811af44e8ca0db016475215e756ca4aec6fc953972c3d,https://www.chilternseeds.co.uk/images/products/img_2791_16145.jpg
00126_jardineriaon_daafa4be87d0.jpg,jardineriaon,daafa4be87d0251271ad21e89efba8228590e663686c475d3ec5b6e9fa3bb4c5,https://www.jardineriaon.com/wp-content/uploads/2023/11/Como-cuidar-una-darlingtonia-californica.jpg
00127_calflora_35aa7e7b27dd.jpg,calflora,35aa7e7b27ddb01d0cfa73d38dda2f6988e36bc020b1b07c85ccdc2ee86d1b1b,https://www.calflora.org/app/up/entry/271/81574.jpg
00128_bigcommerce_ff7bc03de102.jpg,bigcommerce,ff7bc03de1028808d4d92242a11dd63a5374b71bcfc1fbaeab2d8d5c9ff139cc,https://cdn11.bigcommerce.com/s-4kt71d4v98/images/stencil/1280w/products/368/2423/darlingtonia-1__75020.1688345010.jpg?c=1
00129_giardinocarn_fc7dcbdb51ee.jpg,giardinocarn,fc7dcbdb51eedbc298019afc60847b2a5eb90c0519231b5fa54e505add146d58,https://www.giardinocarnivoro.it/cdn/shop/files/darlingtonia_othello.jpg?v=1738098513
00130_ekmcdn_628da2f48be4.jpg,ekmcdn,628da2f48be43ae752bb172aebd5af54cffc90cd7eb91d25a8f6dd8928c5ee8e,https://files.ekmcdn.com/hampshirecarni/images/cl001l-darlingtonia-californica-large-272-p.png?v=962ce7ed-d45c-4c95-8fa5-b75ff6e0c70c
00131_snl_a27641c74fb8.jpg,snl,a27641c74fb824f96bf5e3a0a62a8df9b869e61257cccf0d75d33aa3e83b8106,https://media.snl.no/media/176130/standard_compressed_1280px-Darlingtonia_californica_ne5_NoahElhardt.jfif
00132_carnivorousp_72403bb2f31b.jpg,carnivorousp,72403bb2f31b81dad2f0c5ef5440dab414d94043248cbcc2f693b76f3a9ab428,https://www.carnivorousplants.org/sites/default/files/images/GrowingGuides/DarlingtoniaOthello.jpg
00133_naturephotog_0a9b723b3178.jpg,naturephotog,0a9b723b3178066f981cc400d7c4d49007132246987c77ca0e4e03f1409b336a,https://images.naturephotographers.network/original/3X/b/e/be4a5210d04b01e5e83cf5c676e2cd17a306e2ff.jpeg
00134_amazonaws_16445a4fa47f.jpg,amazonaws,16445a4fa47f9f29e050a54b64f2c1335203f80d6507840dce55c7fc1fa4ca43,https://s3.amazonaws.com/eit-planttoolbox-prod/media/images/Darlingtonia_califor_3noTJ8gEY7nS.jfif
00135_amazonaws_0def0bb045d3.jpg,amazonaws,0def0bb045d338a5f2889d155f07c3371e6383ff4b8c2855e6b9abb78d37a3cc,https://s3.amazonaws.com/eit-planttoolbox-prod/media/images/Darlingtonia_califor_3mufBRDXm3ie.jfif
00136_redd_e819842f1bbc.jpg,redd,e819842f1bbc9a7a04c1be9fc4bf04c4f4be69a2ba411b0bfd9b588fa9d2f41a,https://preview.redd.it/darlingtonia-californica-v0-fppt2hjg61ia1.jpg?width=1080&crop=smart&auto=webp&s=c2964dc247c8cdd6bdd9b567fcd80aeda2dc1823
00137_giardinocarn_94d6c6fe1e4d.jpg,giardinocarn,94d6c6fe1e4d66983e9f44fe2a57384251cb6dfae45216557d8bd87614ab4ae8,https://www.giardinocarnivoro.it/cdn/shop/products/Darlingtonia_californica_in_sfagno_vivo_1744769e-f8ca-43fa-b2ad-45dabbb1e276.jpg?v=1713912575
00138_amazonaws_7bc5a743e01d.jpg,amazonaws,7bc5a743e01de38f98cd2b326120c2e4d0c6051b0beb73161898dc7c76f1586e,https://s3.amazonaws.com/eit-planttoolbox-prod/media/images/Darlingtonia_califor_Gpawae734FDW.jfif
00139_carnagefarms_d5463648c20d.jpg,carnagefarms,d5463648c20d9734a6085ced5b44f125e65da2a195b27663378106dff46315b9,https://carnagefarms.com/cdn/shop/files/rn-image_picker_lib_temp_9ae4e57b-8fdc-4278-9b01-59b1d69b1023.jpg?v=1709859654&width=1445
00140_giardinocarn_487346ca5342.jpg,giardinocarn,487346ca53423118cc35e33bdbb2fdd399ab89710e03b99e1d39f73ce59e3af4,https://www.giardinocarnivoro.it/cdn/shop/products/Darlingtonia_californica_Giant_clone__seedgrow.jpg?v=1698413268&width=1946
00141_macetaman_785836300518.jpg,macetaman,785836300518b9016eecf2a25dbd656ba32f244da1385981ff6bc1b22e99c242,https://macetaman.com/wp-content/uploads/2023/01/darlingtonia-californica-cuidados.jpg
00142_jimcdn_de66ff74bee2.jpg,jimcdn,de66ff74bee21dae9f3c5302ded121cc990c3f4b60d884255dd69856977baf8a,https://image.jimcdn.com/app/cms/image/transf/none/path/sce5e464fb20cce9a/image/i2522819fd53d8207/version/1674383747/image.jpg
00143_com_44e5b2f95af3.jpg,com,44e5b2f95af3373ef3f3736b36f8b708d4d4eccd1a7abd5c8f7fda4ce9ac156f,https://elmundodelascarnivoras.com.ar/wp-content/uploads/2023/09/darlingtonia0001.jpg
00144_calflora_21dd21b5d97d.jpg,calflora,21dd21b5d97d5f119a7676d918fa01993145d05ce0863d1c17f4abfafeb25321,https://www.calflora.org/app/up/entry/271/81569.jpg
00145_calflora_35aa7e7b27dd.jpg,calflora,35aa7e7b27ddb01d0cfa73d38dda2f6988e36bc020b1b07c85ccdc2ee86d1b1b,https://www.calflora.org/app/up/entry/271/81574.jpg
00146_littlecarniv_aa4c49e247d7.jpg,littlecarniv,aa4c49e247d7890d665f41098da0e202dc16e25faade431332cd5d12651e9d34,https://www.littlecarnivores.com/cdn/shop/files/625253BB-8D63-4177-8E12-256044BB6649.jpg?v=1691619723
00147_amazonaws_52f45c3178b1.jpg,amazonaws,52f45c3178b1169d2cd32f52838f36531d3321f9a275cb1d9ae22add6b6d9c49,https://s3.amazonaws.com/eit-planttoolbox-prod/media/images/Darlingtonia_califor_4LSnWH6tyWVn.jfif
00148_giardinocarn_fc7dcbdb51ee.jpg,giardinocarn,fc7dcbdb51eedbc298019afc60847b2a5eb90c0519231b5fa54e505add146d58,https://www.giardinocarnivoro.it/cdn/shop/files/darlingtonia_othello.jpg?v=1738098513
00149_giardinocarn_487346ca5342.jpg,giardinocarn,487346ca53423118cc35e33bdbb2fdd399ab89710e03b99e1d39f73ce59e3af4,https://www.giardinocarnivoro.it/cdn/shop/products/Darlingtonia_californica_Giant_clone__seedgrow.jpg?v=1698413268
00150_bigcommerce_ff7bc03de102.jpg,bigcommerce,ff7bc03de1028808d4d92242a11dd63a5374b71bcfc1fbaeab2d8d5c9ff139cc,https://cdn11.bigcommerce.com/s-4kt71d4v98/images/stencil/1280w/products/368/2423/darlingtonia-1__75020.1688345010.jpg?c=1
00151_macetaman_44e5b2f95af3.jpg,macetaman,44e5b2f95af3373ef3f3736b36f8b708d4d4eccd1a7abd5c8f7fda4ce9ac156f,https://macetaman.com/wp-content/uploads/2023/01/darlingtonia.jpg
00152_macetaman_41bc21e04d7a.jpg,macetaman,41bc21e04d7afba292b30950ce871c87e5926b95a65acf51a2877941d6125ab7,https://macetaman.com/wp-content/uploads/2023/01/darlingtonia-californica-cuidados-768x576.jpg
00153_snl_a27641c74fb8.jpg,snl,a27641c74fb824f96bf5e3a0a62a8df9b869e61257cccf0d75d33aa3e83b8106,https://media.snl.no/media/176130/standard_compressed_1280px-Darlingtonia_californica_ne5_NoahElhardt.jfif
00154_naturephotog_0a9b723b3178.jpg,naturephotog,0a9b723b3178066f981cc400d7c4d49007132246987c77ca0e4e03f1409b336a,https://images.naturephotographers.network/original/3X/b/e/be4a5210d04b01e5e83cf5c676e2cd17a306e2ff.jpeg
00155_carnagefarms_d5463648c20d.jpg,carnagefarms,d5463648c20d9734a6085ced5b44f125e65da2a195b27663378106dff46315b9,https://carnagefarms.com/cdn/shop/files/rn-image_picker_lib_temp_9ae4e57b-8fdc-4278-9b01-59b1d69b1023.jpg?v=1709859654&width=1445
00156_amazonaws_16445a4fa47f.jpg,amazonaws,16445a4fa47f9f29e050a54b64f2c1335203f80d6507840dce55c7fc1fa4ca43,https://s3.amazonaws.com/eit-planttoolbox-prod/media/images/Darlingtonia_califor_3noTJ8gEY7nS.jfif
00157_amazonaws_7bc5a743e01d.jpg,amazonaws,7bc5a743e01de38f98cd2b326120c2e4d0c6051b0beb73161898dc7c76f1586e,https://s3.amazonaws.com/eit-planttoolbox-prod/media/images/Darlingtonia_califor_Gpawae734FDW.jfif
00158_carnivorousp_72403bb2f31b.jpg,carnivorousp,72403bb2f31b81dad2f0c5ef5440dab414d94043248cbcc2f693b76f3a9ab428,https://www.carnivorousplants.org/sites/default/files/images/GrowingGuides/DarlingtoniaOthello.jpg
00159_amazonaws_0def0bb045d3.jpg,amazonaws,0def0bb045d338a5f2889d155f07c3371e6383ff4b8c2855e6b9abb78d37a3cc,https://s3.amazonaws.com/eit-planttoolbox-prod/media/images/Darlingtonia_califor_3mufBRDXm3ie.jfif
00160_calflora_21dd21b5d97d.jpg,calflora,21dd21b5d97d5f119a7676d918fa01993145d05ce0863d1c17f4abfafeb25321,https://www.calflora.org/app/up/entry/271/81569.jpg
00161_com_155b301d0d0c.jpg,com,155b301d0d0c9dd8e9ba3a59709ac39aaab01b357cff4e247cba19df7509e61c,https://meuverdejardim.com.br/wp-content/uploads/2023/04/Fotos-Darlingtonia-californica.webp
00162_bigcommerce_56c0516452c4.jpg,bigcommerce,56c0516452c48d50c53e08cc6070b2d0fda40d300c5a25de897998ccc9bbc894,https://cdn11.bigcommerce.com/s-4kt71d4v98/images/stencil/800x800/products/368/2326/Darlingtonia15__76015.1688345009.jpg?c=1
00163_jardineriaon_0b8c571dee4b.jpg,jardineriaon,0b8c571dee4ba78b24f249e6914b6b4c7bbcac5caa7d9572f6101f1c32a9afd4,https://www.jardineriaon.com/wp-content/uploads/2023/11/Riego-de-la-darlingtonia-californica-1200x800.jpg
00164_ekmcdn_bfcb842a1c1d.jpg,ekmcdn,bfcb842a1c1dfa096ed6096756defaaaa7cb02072fa4f098b586c0dc32a8b869,https://files.ekmcdn.com/hampshirecarni/images/cl001-darlingtonia-californica-medium-27-p.png?w=500&h=500&v=962ce7ed-d45c-4c95-8fa5-b75ff6e0c70c
00165_alchetron_9db35b4a2de0.jpg,alchetron,9db35b4a2de01ba144454f49170f0b7da37201aaca70a9122ca1d396a644759c,https://alchetron.com/cdn/darlingtonia-californica-0341950a-588c-4e5a-89a5-870e5d79d74-resize-750.jpeg
00166_cloudfront_2480c48228af.jpg,cloudfront,2480c48228afc5d04ea6f0d76c528c21b9053c2ae3406e9ee19ce0904b1c7236,https://d2j6dbq0eux0bg.cloudfront.net/images/75306259/3075886544.jpg
00167_amazonaws_52f45c3178b1.jpg,amazonaws,52f45c3178b1169d2cd32f52838f36531d3321f9a275cb1d9ae22add6b6d9c49,https://s3.amazonaws.com/eit-planttoolbox-prod/media/images/Darlingtonia_califor_4LSnWH6tyWVn.jfif
00168_cloudfront_0d78b6a3c722.jpg,cloudfront,0d78b6a3c7220e4c5a2800d8a95e83bd37b788df1bf78af03ad34e8b39b90a41,https://d2j6dbq0eux0bg.cloudfront.net/images/10325341/3233500882.jpg
00169_carnivorasla_e8e37b64ac0b.jpg,carnivorasla,e8e37b64ac0b25e3989b6205a71ed9ce07a925ba8061de08a6d920d3dc02dfe7,https://www.carnivorasland.com/2505-superlarge_default/darlingtonia-californica.jpg
00170_houseplantce_dfd3eddee3ed.jpg,houseplantce,dfd3eddee3edcfcf45d9cc317a0b43484acda77ca35141eba3b18f466f6dc425,https://houseplantcentral.com/wp-content/uploads/2022/08/Darlingtonia-Californica.jpg
00171_thegardenhel_784d216b0597.jpg,thegardenhel,784d216b0597a4ca30be93e7abb6c3503f89a89830b584d256aee2d5474c7231,https://www.thegardenhelper.com/graphics/cobralily.jpg
00172_co_97a463dc441b.jpg,co,97a463dc441b5e95ec78f830c048aacaa31c080504b2faaca6b3fff2ebc87e91,http://www.johnjearrard.co.uk/plants/da/darlingtoniacalifornica/darlingtoniacalifornica211216.jpg
00173_staudenspatz_40965b8f3628.jpg,staudenspatz,40965b8f3628dc9a13cc794d96a0ab62809f2f58c03680e3318a1a61d884d774,https://www.staudenspatz.de/images/product_images/original_images/Darlingtonia-californica.jpg
00174_com_a0ef6db8cee5.jpg,com,a0ef6db8cee5cda941d750603bd7325f6d9d3412e00adeaf949ee10747a19027,https://meuverdejardim.com.br/wp-content/uploads/2023/04/Imagens-Darlingtonia-californica.webp
00175_calflora_35aa7e7b27dd.jpg,calflora,35aa7e7b27ddb01d0cfa73d38dda2f6988e36bc020b1b07c85ccdc2ee86d1b1b,https://www.calflora.org/app/up/entry/271/81574.jpg
00176_com_2442d71c825d.jpg,com,2442d71c825dc76bb584d8e7ee14eb5e02e73a9fe6cbb9cf34743cb6b5296daa,https://meuverdejardim.com.br/wp-content/uploads/2023/04/Ideias-Darlingtonia-californica.webp
00177_calflora_38521651f462.jpg,calflora,38521651f462ae4997f6f958464d290ea1948d1554cfc7d9d5796cd955db22e2,https://www.calflora.org/app/up/mg/14/4229.jpg
00178_homecveti_6fb5c9310ac6.jpg,homecveti,6fb5c9310ac6d5d2c060fed4fcf4b568866c8853bfd4f3c73987455577141eea,https://homecveti.ru/wp-content/uploads/2012/03/Darlingtonia-californica.jpg
00179_deavita_f000dde6f344.jpg,deavita,f000dde6f34414f555167b939d1a722489a59439dc79f798c260dbe66663dbcc,https://deavita.fr/wp-content/uploads/2021/07/plantes-carnivores-mouches-entretien-lys-cobra-Darlingtonia-californica.jpg
00180_ekmcdn_628da2f48be4.jpg,ekmcdn,628da2f48be43ae752bb172aebd5af54cffc90cd7eb91d25a8f6dd8928c5ee8e,https://files.ekmcdn.com/hampshirecarni/images/cl001l-darlingtonia-californica-large-272-p.png?w=1000&h=1000&v=962ce7ed-d45c-4c95-8fa5-b75ff6e0c70c
00181_myhomenature_e52aa065f870.jpg,myhomenature,e52aa065f870de6758b7220d27f9278bbda17c3d04292e1de47dbb58e046961d,https://www.myhomenature.com/cdn/shop/products/cobra_lily_darlingtonia_californica2_1_19ec5366-abf3-4abd-b3a6-2df15d89296f.jpg?v=1692881464&width=990
00182_myhomenature_0a179567d452.jpg,myhomenature,0a179567d452efdcd447d5438c7ae722d5587dad514a2d31a1bc26bf77d8fe94,https://www.myhomenature.com/cdn/shop/products/cobra_lily_darlingtonia_californica_1_077d527a-5899-4240-aff6-8cdbef47ce1c.jpg?v=1692881464
00183_beautifulore_b4b69701e804.jpg,beautifulore,b4b69701e80422c4b4be288873b9bcdb332f6cd301021af35bc4dbd33c44e0e6,https://beautifuloregon.com/wp-content/uploads/2022/04/Pitcher-Plant-Darlingtonia-californica-Oregon-wildflowers-821-040-043-1200x1805.jpg
00184_myhomenature_65cc1adc3246.jpg,myhomenature,65cc1adc3246879d0dd9eceb3e9d443056b0fcde7ec22db828cb4eda10a4a33b,https://www.myhomenature.com/cdn/shop/products/cobra_lily_darlingtonia_californica5_1_f2ac9792-f556-4ad0-8a46-565293b06cf9.jpg?v=1692881464&width=1445
00185_amazonaws_0def0bb045d3.jpg,amazonaws,0def0bb045d338a5f2889d155f07c3371e6383ff4b8c2855e6b9abb78d37a3cc,https://s3.amazonaws.com/eit-planttoolbox-prod/media/images/Darlingtonia_califor_3mufBRDXm3ie.jfif
00186_amazonaws_71bd35e8592c.jpg,amazonaws,71bd35e8592c805b71a25279f57e7b34000fb5874444ebbeb09d9e0770f7a2db,https://s3.amazonaws.com/eit-planttoolbox-prod/media/images/Darlingtonia_califor_ms8t48Mt1apT.jfif
00187_myhomenature_656df7529d1f.jpg,myhomenature,656df7529d1f91239045bd790e9311bce6eec19252335102ca34eb2e81075b8c,https://www.myhomenature.com/cdn/shop/products/cobra_lily_darlingtonia_californica3_1_8f01ed48-c2db-46f7-9d8c-068717ae71e0.jpg?v=1692881464&width=1445
00188_apieceofnatu_4d11fec4fe63.jpg,apieceofnatu,4d11fec4fe63464524de9ffee194dd0e63eea2ee48554175377433dafffe8c73,https://www.apieceofnature.dk/cdn/shop/files/Darlingtoniacalifornica_2.jpg?v=1705321258&width=1946
00189_bigcommerce_ff7bc03de102.jpg,bigcommerce,ff7bc03de1028808d4d92242a11dd63a5374b71bcfc1fbaeab2d8d5c9ff139cc,https://cdn11.bigcommerce.com/s-4kt71d4v98/images/stencil/1280w/products/368/2423/darlingtonia-1__75020.1688345010.jpg?c=1
00190_cloudfront_a0e968def87c.jpg,cloudfront,a0e968def87c14d07a7d022cb6b4a95d8c9fd7b84801ed6042b3db8779b6208a,https://d3uw6f38ocgirn.cloudfront.net/media/up/1/f59d1b679b2384b171e4806952df3170_tmptmpbX5ZJO
00191_carnivorousp_33a566c68beb.jpg,carnivorousp,33a566c68beb1360fb713f569b53ec00e87a2ec6458b98a20bd7ace12c50831d,https://carnivorousplants.org/sites/default/files/images/GrowingGuides/DarlingtoniaFlowers.jpg
00192_giardinocarn_fc7dcbdb51ee.jpg,giardinocarn,fc7dcbdb51eedbc298019afc60847b2a5eb90c0519231b5fa54e505add146d58,https://www.giardinocarnivoro.it/cdn/shop/files/darlingtonia_othello.jpg?v=1738098513
00193_snl_a27641c74fb8.jpg,snl,a27641c74fb824f96bf5e3a0a62a8df9b869e61257cccf0d75d33aa3e83b8106,https://media.snl.no/media/176130/standard_compressed_1280px-Darlingtonia_californica_ne5_NoahElhardt.jfif
00194_myhomenature_0bdf35b9e281.jpg,myhomenature,0bdf35b9e2815a4a74bd32bb86f688ea944a1c382f8bf777a9893b4d75822cf9,https://www.myhomenature.com/cdn/shop/products/cobra_lily_darlingtonia_californica1_1_ca46da5a-15c7-4de7-a993-cda038868a26.jpg?v=1692881464&width=1100
00195_carnivorousp_72403bb2f31b.jpg,carnivorousp,72403bb2f31b81dad2f0c5ef5440dab414d94043248cbcc2f693b76f3a9ab428,https://www.carnivorousplants.org/sites/default/files/images/GrowingGuides/DarlingtoniaOthello.jpg
00196_apieceofnatu_1cb373ce4429.jpg,apieceofnatu,1cb373ce442925c83bb4264a73991629e2453b1c213e822160be4f413830cb79,http://www.apieceofnature.dk/cdn/shop/files/Darlingtoniacalifornica_4.jpg?v=1713724849
00197_tripmemos_9434a21df693.jpg,tripmemos,9434a21df69355d6a8229add0d7a2a0f3995166166c8af1d6e568287889319d1,https://tripmemos.com/wp-content/uploads/2019/04/Darlingtonia-State-Natural-Site-Near-Florence-Oregon-1024x683.jpg
00198_halleyhostin_63499f83da8f.jpg,halleyhostin,63499f83da8fdc9392d9bedf6fc25f6a4b58dc15d0fe6c10cd66c0ca9bcbe64f,http://science.halleyhosting.com/nature/plants/5petal/pitcherplant/californica/californica1a.jpg
00199_halleyhostin_feb3b2d4223b.jpg,halleyhostin,feb3b2d4223be3a43b3999a59d89065f95c38d01a8fc1a2c3340c0173847eb73,http://science.halleyhosting.com/nature/plants/5petal/pitcherplant/californica/californica04-21-2021a.jpg
00200_whyfarmit_000fdb83b942.jpg,whyfarmit,000fdb83b942bd70f2dcf8aabd92d8a3f54f4a225fa8d3e22210c5c51796e287,https://whyfarmit.com/wp-content/uploads/2022/01/Cobra-lily-or-Darlingtonia-californica.jpg
00201_giardinocarn_fc7dcbdb51ee.jpg,giardinocarn,fc7dcbdb51eedbc298019afc60847b2a5eb90c0519231b5fa54e505add146d58,https://www.giardinocarnivoro.it/cdn/shop/files/darlingtonia_othello.jpg?v=1738098513
00202_shopify_97f87fea8e94.jpg,shopify,97f87fea8e94d5819560ae3a9cded2ddc1ff8e835c4506991309f9168d276637,https://cdn.shopify.com/s/files/1/0011/7401/1967/files/d.calif.habitat.02a_medium.jpg?v=1521730534
00203_houseplantce_dfd3eddee3ed.jpg,houseplantce,dfd3eddee3edcfcf45d9cc317a0b43484acda77ca35141eba3b18f466f6dc425,https://houseplantcentral.com/wp-content/uploads/2022/08/Darlingtonia-Californica.jpg
00204_bigcommerce_ff7bc03de102.jpg,bigcommerce,ff7bc03de1028808d4d92242a11dd63a5374b71bcfc1fbaeab2d8d5c9ff139cc,https://cdn11.bigcommerce.com/s-4kt71d4v98/images/stencil/1280w/products/368/2423/darlingtonia-1__75020.1688345010.jpg?c=1
00205_villegiardin_c1c8cf14539e.jpg,villegiardin,c1c8cf14539e0f3bbf383c0384a212eb9b9de8a94ddcdc7e3c0cd0fc4caefa94,https://www.villegiardini.it/wp-content/uploads/2021/12/standard_1280px-Darlingtonia_californica_ne5_NoahElhardt.jfif_-scaled.jpeg
00206_amazonaws_0def0bb045d3.jpg,amazonaws,0def0bb045d338a5f2889d155f07c3371e6383ff4b8c2855e6b9abb78d37a3cc,https://s3.amazonaws.com/eit-planttoolbox-prod/media/images/Darlingtonia_califor_3mufBRDXm3ie.jfif
00207_jardineriaon_daafa4be87d0.jpg,jardineriaon,daafa4be87d0251271ad21e89efba8228590e663686c475d3ec5b6e9fa3bb4c5,https://www.jardineriaon.com/wp-content/uploads/2023/11/Como-cuidar-una-darlingtonia-californica.jpg
00208_amazonaws_71bd35e8592c.jpg,amazonaws,71bd35e8592c805b71a25279f57e7b34000fb5874444ebbeb09d9e0770f7a2db,https://s3.amazonaws.com/eit-planttoolbox-prod/media/images/Darlingtonia_califor_ms8t48Mt1apT.jfif
00209_amazonaws_7bc5a743e01d.jpg,amazonaws,7bc5a743e01de38f98cd2b326120c2e4d0c6051b0beb73161898dc7c76f1586e,https://s3.amazonaws.com/eit-planttoolbox-prod/media/images/Darlingtonia_califor_Gpawae734FDW.jfif
00210_aldrovanda_d5e782a8d90c.jpg,aldrovanda,d5e782a8d90c364aa18760213a429d7997868d40bd85e2f9411f1d90ffe56c3f,https://www.aldrovanda.com/assets/images/header/fc20091020oregon-kerby53033.webp
00211_carnivorousp_33a566c68beb.jpg,carnivorousp,33a566c68beb1360fb713f569b53ec00e87a2ec6458b98a20bd7ace12c50831d,https://carnivorousplants.org/sites/default/files/images/GrowingGuides/DarlingtoniaFlowers.jpg
00212_carnivorousp_72403bb2f31b.jpg,carnivorousp,72403bb2f31b81dad2f0c5ef5440dab414d94043248cbcc2f693b76f3a9ab428,https://www.carnivorousplants.org/sites/default/files/images/GrowingGuides/DarlingtoniaOthello.jpg
00213_com_2442d71c825d.jpg,com,2442d71c825dc76bb584d8e7ee14eb5e02e73a9fe6cbb9cf34743cb6b5296daa,https://meuverdejardim.com.br/wp-content/uploads/2023/04/Ideias-Darlingtonia-californica.webp
00214_amazonaws_16445a4fa47f.jpg,amazonaws,16445a4fa47f9f29e050a54b64f2c1335203f80d6507840dce55c7fc1fa4ca43,https://s3.amazonaws.com/eit-planttoolbox-prod/media/images/Darlingtonia_califor_3noTJ8gEY7nS.jfif
00215_rustica_ca36ec79626d.jpg,rustica,ca36ec79626df33bc1830b00e1ab35ccdbce0eecdf04e4d2c865c375ead08afa,https://www.rustica.fr/images/darlingtonia-californica-eb130328-029-l790-h526.jpg.webp
00216_calflora_4f5e70fa1dcf.jpg,calflora,4f5e70fa1dcf17df2c0dcaccccf3dcedf95ba3296828e7accbc3b1aae2f06b49,https://www.calflora.org/app/up/entry/335/100670.jpg
00217_amazonaws_916d44657062.jpg,amazonaws,916d446570623365c2c6b7bbd0e02baba2dd9500cd056595704c2587699286e8,https://s3.amazonaws.com/eit-planttoolbox-prod/media/images/Darlingtonia_califor_0eCIWM4B2Go6.jfif
00218_com_a0ef6db8cee5.jpg,com,a0ef6db8cee5cda941d750603bd7325f6d9d3412e00adeaf949ee10747a19027,https://meuverdejardim.com.br/wp-content/uploads/2023/04/Imagens-Darlingtonia-californica.webp
00219_naturephotog_0a9b723b3178.jpg,naturephotog,0a9b723b3178066f981cc400d7c4d49007132246987c77ca0e4e03f1409b336a,https://images.naturephotographers.network/original/3X/b/e/be4a5210d04b01e5e83cf5c676e2cd17a306e2ff.jpeg
00220_jardineriaon_0b8c571dee4b.jpg,jardineriaon,0b8c571dee4ba78b24f249e6914b6b4c7bbcac5caa7d9572f6101f1c32a9afd4,https://www.jardineriaon.com/wp-content/uploads/2023/11/Riego-de-la-darlingtonia-californica-1200x800.jpg
00221_com_40105cfe6857.jpg,com,40105cfe685776be1d08740acdbc954085dc92a22aa8b923193b387d240d8270,https://greencirclefarm.com.cn/wp-content/uploads/2023/05/Darlingtonia-californica.png
00222_com_155b301d0d0c.jpg,com,155b301d0d0c9dd8e9ba3a59709ac39aaab01b357cff4e247cba19df7509e61c,https://meuverdejardim.com.br/wp-content/uploads/2023/04/Fotos-Darlingtonia-californica.webp
00223_macetaman_785836300518.jpg,macetaman,785836300518b9016eecf2a25dbd656ba32f244da1385981ff6bc1b22e99c242,https://macetaman.com/wp-content/uploads/2023/01/darlingtonia-californica-cuidados.jpg
00224_macetaman_6a65f82e2d77.jpg,macetaman,6a65f82e2d77a6fa2b9d55a555686caefaff9f1f5388a7f6842b804c24ebf32b,https://macetaman.com/wp-content/uploads/2022/01/darlingtonia-californica.jpg
00225_redd_0671467a9458.jpg,redd,0671467a9458837f9f492e0ffbd8ab2d869f3fc728dec57aa72d03f096d6d1fe,https://preview.redd.it/0l0snnanygy21.jpg?auto=webp&s=9bce2b4101be759c8761d017f72055352ab093eb
00226_calflora_1844b0dc7d1a.jpg,calflora,1844b0dc7d1a88faea54b2510441368957a1e73ba780ea474569044a086f6421,https://www.calflora.org/app/up/entry/172/51692.jpg
00227_calflora_38521651f462.jpg,calflora,38521651f462ae4997f6f958464d290ea1948d1554cfc7d9d5796cd955db22e2,https://www.calflora.org/app/up/mg/14/4229.jpg
00228_carnagefarms_d5463648c20d.jpg,carnagefarms,d5463648c20d9734a6085ced5b44f125e65da2a195b27663378106dff46315b9,https://carnagefarms.com/cdn/shop/files/rn-image_picker_lib_temp_9ae4e57b-8fdc-4278-9b01-59b1d69b1023.jpg?v=1709859654&width=1445
00229_calflora_007aed5c14af.jpg,calflora,007aed5c14af142803448e3504e9d95fdda72ec5d6479729cf0d79d0e50b7c19,https://www.calflora.org/app/up/mg/14/4228.jpg
00230_redd_d59ef5878fb9.jpg,redd,d59ef5878fb9d027e4d7e6993399a5631d6f97bcff41c7f083ce45b16f8c8d9c,https://i.redd.it/w9xkq3dh3e451.jpg
00231_thegardenhel_24b88c7c6409.jpg,thegardenhel,24b88c7c64096fb1834e31d2d7dce4e86c278a4f126a90f37d9f552ae85e5832,https://www.thegardenhelper.com/psd/darlingtonia_californica_2.jpg
00232_thegardenhel_05fab15405bc.jpg,thegardenhel,05fab15405bce569c41b8d244dd2e7de43bbcf919dff8cfe5aa2767e652f732e,https://www.thegardenhelper.com/psd/darlingtonia_californica.jpg
00233_calflora_48dd3961dc18.jpg,calflora,48dd3961dc18d266594562f7523da1f6f7e8e5e34b24cf4265dad4073556113a,https://www.calflora.org/app/up/entry/271/81565.jpg
00234_occultomagaz_83433c7f53dd.jpg,occultomagaz,83433c7f53dd9d30203832996aa1b8a995f3c582499bd6dd2bb1b5e73822f149,https://www.occultomagazine.com/wordpress/wp-content/uploads/2018/07/darlingtonia_2-1-1024x623.jpg
00235_forbesconrad_2b5a02a3c01b.jpg,forbesconrad,2b5a02a3c01b227320859398908ce689ba32bae0f5cab26e0925c04d568a6c4e,https://www.forbesconrad.com/assets/images/galleries/old/fc20091020oregon_kerby53053.jpg
00236_halleyhostin_6ec95559775e.jpg,halleyhostin,6ec95559775efbe01912d9a569301f5c3d94b6e63387349b534b528877511906,http://science.halleyhosting.com/nature/bloomtime/siskiyou/2021/pics/californica_habitat04-21-2021.jpg
00237_calflora_21dd21b5d97d.jpg,calflora,21dd21b5d97d5f119a7676d918fa01993145d05ce0863d1c17f4abfafeb25321,https://www.calflora.org/app/up/entry/271/81569.jpg
00238_bigcommerce_ff7bc03de102.jpg,bigcommerce,ff7bc03de1028808d4d92242a11dd63a5374b71bcfc1fbaeab2d8d5c9ff139cc,https://cdn11.bigcommerce.com/s-4kt71d4v98/images/stencil/1280w/products/368/2423/darlingtonia-1__75020.1688345010.jpg?c=1
00239_naturephotog_0a9b723b3178.jpg,naturephotog,0a9b723b3178066f981cc400d7c4d49007132246987c77ca0e4e03f1409b336a,https://images.naturephotographers.network/original/3X/b/e/be4a5210d04b01e5e83cf5c676e2cd17a306e2ff.jpeg
00240_amazonaws_71bd35e8592c.jpg,amazonaws,71bd35e8592c805b71a25279f57e7b34000fb5874444ebbeb09d9e0770f7a2db,https://s3.amazonaws.com/eit-planttoolbox-prod/media/images/Darlingtonia_califor_ms8t48Mt1apT.jfif
00241_amazonaws_16445a4fa47f.jpg,amazonaws,16445a4fa47f9f29e050a54b64f2c1335203f80d6507840dce55c7fc1fa4ca43,https://s3.amazonaws.com/eit-planttoolbox-prod/media/images/Darlingtonia_califor_3noTJ8gEY7nS.jfif
00242_amazonaws_0def0bb045d3.jpg,amazonaws,0def0bb045d338a5f2889d155f07c3371e6383ff4b8c2855e6b9abb78d37a3cc,https://s3.amazonaws.com/eit-planttoolbox-prod/media/images/Darlingtonia_califor_3mufBRDXm3ie.jfif
00243_amazonaws_7bc5a743e01d.jpg,amazonaws,7bc5a743e01de38f98cd2b326120c2e4d0c6051b0beb73161898dc7c76f1586e,https://s3.amazonaws.com/eit-planttoolbox-prod/media/images/Darlingtonia_califor_Gpawae734FDW.jfif
00244_giardinocarn_fc7dcbdb51ee.jpg,giardinocarn,fc7dcbdb51eedbc298019afc60847b2a5eb90c0519231b5fa54e505add146d58,https://www.giardinocarnivoro.it/cdn/shop/files/darlingtonia_othello.jpg?v=1738098513
00245_beautifulore_b4b69701e804.jpg,beautifulore,b4b69701e80422c4b4be288873b9bcdb332f6cd301021af35bc4dbd33c44e0e6,https://beautifuloregon.com/wp-content/uploads/2022/04/Pitcher-Plant-Darlingtonia-californica-Oregon-wildflowers-821-040-043-1200x1805.jpg
00246_carnivorousp_33a566c68beb.jpg,carnivorousp,33a566c68beb1360fb713f569b53ec00e87a2ec6458b98a20bd7ace12c50831d,https://carnivorousplants.org/sites/default/files/images/GrowingGuides/DarlingtoniaFlowers.jpg
00247_snl_a27641c74fb8.jpg,snl,a27641c74fb824f96bf5e3a0a62a8df9b869e61257cccf0d75d33aa3e83b8106,https://media.snl.no/media/176130/standard_compressed_1280px-Darlingtonia_californica_ne5_NoahElhardt.jfif
00248_amazonaws_d986dc8ed42a.jpg,amazonaws,d986dc8ed42a3eb5077ddb1146cc99b4545b6e6a6baa7f562bd7e7bd27f5922d,https://ai2-s2-public.s3.amazonaws.com/figures/2017-08-08/7e985cf88e0c56a79caa413e15d12e2c31497176/3-Figure1-1.png
00249_aldrovanda_196ce872599d.jpg,aldrovanda,196ce872599dbfe72e27ee2dd514a7fe245c8b90792340e83b6c689b4376ea14,https://www.aldrovanda.com/assets/images/fc20110208oregon123943.webp
00250_co_97a463dc441b.jpg,co,97a463dc441b5e95ec78f830c048aacaa31c080504b2faaca6b3fff2ebc87e91,http://www.johnjearrard.co.uk/plants/da/darlingtoniacalifornica/darlingtoniacalifornica211216.jpg
00251_pnwflowers_7b49e04109f6.jpg,pnwflowers,7b49e04109f6ae33f5f318a06dc6dd147973329451423c3771bbb3403821fced,https://www.pnwflowers.com/assets/images/plants/0402855.jpg
00252_carnivorousp_72403bb2f31b.jpg,carnivorousp,72403bb2f31b81dad2f0c5ef5440dab414d94043248cbcc2f693b76f3a9ab428,https://www.carnivorousplants.org/sites/default/files/images/GrowingGuides/DarlingtoniaOthello.jpg
00253_northerncali_47ef1f3a3833.jpg,northerncali,47ef1f3a383371a10a33411e1cbb8151458bb28d753dbaa1eb7f5eeea830ee9b,https://northerncaliforniahikingtrails.com/blog/wp-content/uploads/2018/10/Darlingtonia-californica-botanical-trail-smith-river-199.jpg
00254_carnivorousp_ad623b594d66.jpg,carnivorousp,ad623b594d66c362c9464b6a1f5d681857545b9ec89ef3a78cf96b296dc42166,https://carnivorousplants.org/sites/default/files/images/GrowingGuides/DarlingtoniaPond.jpg
00255_amazonaws_916d44657062.jpg,amazonaws,916d446570623365c2c6b7bbd0e02baba2dd9500cd056595704c2587699286e8,https://s3.amazonaws.com/eit-planttoolbox-prod/media/images/Darlingtonia_califor_0eCIWM4B2Go6.jfif
00256_calflora_21dd21b5d97d.jpg,calflora,21dd21b5d97d5f119a7676d918fa01993145d05ce0863d1c17f4abfafeb25321,https://www.calflora.org/app/up/entry/271/81569.jpg
00257_calflora_4763b034ff31.jpg,calflora,4763b034ff31215ffbdd5bdabfd0c1fdbe6d5e0ceeec2f4551470a3fe64ae873,https://www.calflora.org/app/up/gp/33/6727.jpg
00258_amazonaws_52f45c3178b1.jpg,amazonaws,52f45c3178b1169d2cd32f52838f36531d3321f9a275cb1d9ae22add6b6d9c49,https://s3.amazonaws.com/eit-planttoolbox-prod/media/images/Darlingtonia_califor_4LSnWH6tyWVn.jfif
00259_calflora_35aa7e7b27dd.jpg,calflora,35aa7e7b27ddb01d0cfa73d38dda2f6988e36bc020b1b07c85ccdc2ee86d1b1b,https://www.calflora.org/app/up/entry/271/81574.jpg
00260_saymediacont_6a88c786d787.jpg,saymediacont,6a88c786d787200435e2179e9559f4ce7114b31cd7d05396d5638e47b7f99ba1,https://images.saymedia-content.com/.image/t_share/MTc0NjQ0NzQ4Njk4MDAyODEw/the-diversity-and-ecology-of-carnivorous-plants.jpg
00261_backgarden_94cd3ac6017b.jpg,backgarden,94cd3ac6017b58a31af997816b4c649f70469240a8c154fee39acd0b4e87e68c,https://backgarden.org/wp-content/uploads/2021/12/california-pitcher-plant-darlingtonia-californica.jpg
00262_halleyhostin_63499f83da8f.jpg,halleyhostin,63499f83da8fdc9392d9bedf6fc25f6a4b58dc15d0fe6c10cd66c0ca9bcbe64f,http://science.halleyhosting.com/nature/plants/5petal/pitcherplant/californica/californica1a.jpg
00263_bigcommerce_ff7bc03de102.jpg,bigcommerce,ff7bc03de1028808d4d92242a11dd63a5374b71bcfc1fbaeab2d8d5c9ff139cc,https://cdn11.bigcommerce.com/s-4kt71d4v98/images/stencil/1280w/products/368/2423/darlingtonia-1__75020.1688345010.jpg?c=1
00264_pnwflowers_7b49e04109f6.jpg,pnwflowers,7b49e04109f6ae33f5f318a06dc6dd147973329451423c3771bbb3403821fced,https://www.pnwflowers.com/assets/images/plants/0402855.jpg
00265_co_c4af31a90844.jpg,co,c4af31a908440e44a2554acae3a96c037f0b4062598c6ba36da10fc685800633,https://floralimages.co.uk/images/d/darlingtonia_californica_e38.jpg
00266_co_3f0b69153827.jpg,co,3f0b69153827f548c531c058cc224777cc9ac43a53454f0bcd1d2418afdf6264,https://www.floralimages.co.uk/images/d/darlingtonia_californica_e39.jpg
00267_amazonaws_916d44657062.jpg,amazonaws,916d446570623365c2c6b7bbd0e02baba2dd9500cd056595704c2587699286e8,https://s3.amazonaws.com/eit-planttoolbox-prod/media/images/Darlingtonia_califor_0eCIWM4B2Go6.jfif
00268_beautifulore_b4b69701e804.jpg,beautifulore,b4b69701e80422c4b4be288873b9bcdb332f6cd301021af35bc4dbd33c44e0e6,https://beautifuloregon.com/wp-content/uploads/2022/04/Pitcher-Plant-Darlingtonia-californica-Oregon-wildflowers-821-040-043-1200x1805.jpg
00269_pnwflowers_f2a8b02be92a.jpg,pnwflowers,f2a8b02be92a42ab1be282fda40c28832a84694d8a84758703ae8705335eebb3,https://www.pnwflowers.com/assets/images/months/september/110925Siskiyou/1108658.jpg
00270_amazonaws_71bd35e8592c.jpg,amazonaws,71bd35e8592c805b71a25279f57e7b34000fb5874444ebbeb09d9e0770f7a2db,https://s3.amazonaws.com/eit-planttoolbox-prod/media/images/Darlingtonia_califor_ms8t48Mt1apT.jfif
00271_amazonaws_0def0bb045d3.jpg,amazonaws,0def0bb045d338a5f2889d155f07c3371e6383ff4b8c2855e6b9abb78d37a3cc,https://s3.amazonaws.com/eit-planttoolbox-prod/media/images/Darlingtonia_califor_3mufBRDXm3ie.jfif
00272_amazonaws_52f45c3178b1.jpg,amazonaws,52f45c3178b1169d2cd32f52838f36531d3321f9a275cb1d9ae22add6b6d9c49,https://s3.amazonaws.com/eit-planttoolbox-prod/media/images/Darlingtonia_califor_4LSnWH6tyWVn.jfif
00273_cloudfront_2480c48228af.jpg,cloudfront,2480c48228afc5d04ea6f0d76c528c21b9053c2ae3406e9ee19ce0904b1c7236,https://d2j6dbq0eux0bg.cloudfront.net/images/75306259/3075886544.jpg
00274_amazonaws_0d6b01b3c8a3.jpg,amazonaws,0d6b01b3c8a38ea7712be341e246be00d2776b9d0a0bb2ef6715a70390e518fe,https://s3.amazonaws.com/eit-planttoolbox-prod/media/images/Darlingtonia_califor_7U9A3UZ2NzAG.jfif
00275_shopify_b22b60d5b8b2.jpg,shopify,b22b60d5b8b2b320b194307e419dd1e445498f515f29f298726e113419eed62c,https://cdn.shopify.com/s/files/1/0071/7540/5626/products/780a0354e49b85849d83515596b5b5a1_480x480.jpg?v=1526598084
00276_cloudfront_029a6bdfa938.jpg,cloudfront,029a6bdfa93853cace037de417d7514568d783725b64c6bd64868049af29e0a6,https://d3bbsv6h7qkr8y.cloudfront.net/bd/fb/bdfb0bb66a247fddc4184f7a81523b4f.jpg
00277_halleyhostin_0bce5bf96860.jpg,halleyhostin,0bce5bf96860bcf8784e938a0b375e095eecae7e637a124ed270a483444c8947,http://science.halleyhosting.com/nature/plants/5petal/pitcherplant/californica/californica6b.jpg
00278_halleyhostin_a0a87e6370a3.jpg,halleyhostin,a0a87e6370a30bfecb48b3ff0db25134f8045ee1c1a2c70432114009021b3ad5,http://science.halleyhosting.com/nature/plants/5petal/pitcherplant/californica/californica6e.jpg
00279_halleyhostin_63499f83da8f.jpg,halleyhostin,63499f83da8fdc9392d9bedf6fc25f6a4b58dc15d0fe6c10cd66c0ca9bcbe64f,http://science.halleyhosting.com/nature/plants/5petal/pitcherplant/californica/californica1a.jpg
00280_bigcommerce_ff7bc03de102.jpg,bigcommerce,ff7bc03de1028808d4d92242a11dd63a5374b71bcfc1fbaeab2d8d5c9ff139cc,https://cdn11.bigcommerce.com/s-4kt71d4v98/images/stencil/1280w/products/368/2423/darlingtonia-1__75020.1688345010.jpg?c=1
00281_freewebstore_789fae90c903.jpg,freewebstore,789fae90c9037dc3184c77ce671490f4f2cc0f407b3952e2a7d55ea891c633c6,https://cdn.freewebstore.com/origin/253478/darlingtoniacalifornicamediumcobralelie1.jpg
00282_giardinocarn_fc7dcbdb51ee.jpg,giardinocarn,fc7dcbdb51eedbc298019afc60847b2a5eb90c0519231b5fa54e505add146d58,https://www.giardinocarnivoro.it/cdn/shop/files/darlingtonia_othello.jpg?v=1738098513
00283_carnagefarms_d5463648c20d.jpg,carnagefarms,d5463648c20d9734a6085ced5b44f125e65da2a195b27663378106dff46315b9,https://carnagefarms.com/cdn/shop/files/rn-image_picker_lib_temp_9ae4e57b-8fdc-4278-9b01-59b1d69b1023.jpg?v=1709859654&width=1445
00284_macetaman_785836300518.jpg,macetaman,785836300518b9016eecf2a25dbd656ba32f244da1385981ff6bc1b22e99c242,https://macetaman.com/wp-content/uploads/2023/01/darlingtonia-californica-cuidados.jpg
00285_staudenspatz_40965b8f3628.jpg,staudenspatz,40965b8f3628dc9a13cc794d96a0ab62809f2f58c03680e3318a1a61d884d774,https://www.staudenspatz.de/images/product_images/original_images/Darlingtonia-californica.jpg
00286_co_97a463dc441b.jpg,co,97a463dc441b5e95ec78f830c048aacaa31c080504b2faaca6b3fff2ebc87e91,http://www.johnjearrard.co.uk/plants/da/darlingtoniacalifornica/darlingtoniacalifornica211216.jpg
00287_ekmcdn_628da2f48be4.jpg,ekmcdn,628da2f48be43ae752bb172aebd5af54cffc90cd7eb91d25a8f6dd8928c5ee8e,https://files.ekmcdn.com/hampshirecarni/images/cl001l-darlingtonia-californica-large-272-p.png?v=962ce7ed-d45c-4c95-8fa5-b75ff6e0c70c
00287_bensjungle_3c3cef20f48f.jpg,bensjungle,3c3cef20f48f50dcd74d3d196d9a4a9a3997ae28e172c768211e88fa731cdc6b,https://bens-jungle.com/media/image/product/12635/lg/darlingtonia-californica.jpg
00288_bensjungle_cac77f112a97.jpg,bensjungle,cac77f112a9738e9a4c0151f6fa8272395fd175052b336dd06fefdcb6b398c15,https://bens-jungle.com/media/image/product/12635/lg/darlingtonia-californica~2.jpg
00289_jimcdn_de66ff74bee2.jpg,jimcdn,de66ff74bee21dae9f3c5302ded121cc990c3f4b60d884255dd69856977baf8a,https://image.jimcdn.com/app/cms/image/transf/none/path/sce5e464fb20cce9a/image/i2522819fd53d8207/version/1674383747/image.jpg
00290_snl_a27641c74fb8.jpg,snl,a27641c74fb824f96bf5e3a0a62a8df9b869e61257cccf0d75d33aa3e83b8106,https://media.snl.no/media/176130/standard_compressed_1280px-Darlingtonia_californica_ne5_NoahElhardt.jfif
00291_amazonaws_7bc5a743e01d.jpg,amazonaws,7bc5a743e01de38f98cd2b326120c2e4d0c6051b0beb73161898dc7c76f1586e,https://s3.amazonaws.com/eit-planttoolbox-prod/media/images/Darlingtonia_califor_Gpawae734FDW.jfif
00292_carnivorousp_72403bb2f31b.jpg,carnivorousp,72403bb2f31b81dad2f0c5ef5440dab414d94043248cbcc2f693b76f3a9ab428,https://www.carnivorousplants.org/sites/default/files/images/GrowingGuides/DarlingtoniaOthello.jpg
00293_amazonaws_16445a4fa47f.jpg,amazonaws,16445a4fa47f9f29e050a54b64f2c1335203f80d6507840dce55c7fc1fa4ca43,https://s3.amazonaws.com/eit-planttoolbox-prod/media/images/Darlingtonia_califor_3noTJ8gEY7nS.jfif
00294_calflora_35aa7e7b27dd.jpg,calflora,35aa7e7b27ddb01d0cfa73d38dda2f6988e36bc020b1b07c85ccdc2ee86d1b1b,https://www.calflora.org/app/up/entry/271/81574.jpg
00295_calflora_48dd3961dc18.jpg,calflora,48dd3961dc18d266594562f7523da1f6f7e8e5e34b24cf4265dad4073556113a,https://www.calflora.org/app/up/entry/271/81565.jpg
00296_naturephotog_0a9b723b3178.jpg,naturephotog,0a9b723b3178066f981cc400d7c4d49007132246987c77ca0e4e03f1409b336a,https://images.naturephotographers.network/original/3X/b/e/be4a5210d04b01e5e83cf5c676e2cd17a306e2ff.jpeg
00297_co_6eac44f34f9f.jpg,co,6eac44f34f9f34050ea2dd8bd29ecec4ffd89d7e42748ad0602c362915e05832,https://seedsandall.co.za/wp-content/uploads/2024/05/Darlingtonia-californica12a.jpg
00298_snl_a27641c74fb8.jpg,snl,a27641c74fb824f96bf5e3a0a62a8df9b869e61257cccf0d75d33aa3e83b8106,https://media.snl.no/media/176130/standard_compressed_1280px-Darlingtonia_californica_ne5_NoahElhardt.jfif
00299_amazonaws_71bd35e8592c.jpg,amazonaws,71bd35e8592c805b71a25279f57e7b34000fb5874444ebbeb09d9e0770f7a2db,https://s3.amazonaws.com/eit-planttoolbox-prod/media/images/Darlingtonia_califor_ms8t48Mt1apT.jfif
